{"startTime":2.7946484088897707,"timeWindow":0.5,"shakeAmplitude":6.0,"shakeRate":3.0,"shakeDuration":0.30000001192092898}