{"startTime":1.6853288412094117,"timeWindow":0.5,"shakeAmplitude":6.0,"shakeRate":3.0,"shakeDuration":0.30000001192092898}